Common_Name,Issuer_Name,Country,Industry,Sector,Mean_Industry_Adjusted_Score,Mean_Weighted_Average_Score,Mean_E_score,Mean_S_score,Mean_G_score,Mean_BIODIV_LAND_USE_EXP_SCORE,Mean_CARBON_EMISSIONS_EXP_SCORE,mean_DF_E,total_DF_E,Deforestation_statement,ESG_controversies,Total_news_count_Nodu,mean_news_count,assets,sales,book_equity,net_income,enterprise_value,gp_at,ni_be,ope_be,debt_bev,cash_lt,lt_ppen,debt_at,age,me
Company_001,Company_001,United States,Industrial Conglomerates,Industrials,10,6.9,7.2,5.2,7.3,1.9,2.6,0.427260951,0.427260951,none,high,4,0.5,39678.375,31183.8541666667,12542.625,3761.83333333333,102469.87900685,0.424736392791952,0.193276187261768,0.675390608599132,0.606535199891548,0.147683066666914,2.89466390825722,0.338804613563389,876.125,92453.0248401834
Company_002,Company_002,Sweden,Food Products,Consumer Staples,7.76666666666667,5.33333333333333,3.8,6.6,6.26666666666667,9.5,4.04166666666667,278.493097234667,835.4792917,negative,moderate,5,0.625,2211.28307654129,3223.82800153419,1062.55469679299,149.069125962417,4335.7259915428,0.349739670464272,0.143013332699023,0.255685113975501,0.339972592087466,0.0723403845553534,1.91491436180933,0.21793987502849,420.125,3957.70155229192
Company_003,Company_003,United States,Commercial Services & Supplies,Industrials,6.1,5.6,8.9,5.6,4,0.8,5,8.388238609,8.388238609,none,no,0,0,3352.32369444444,5979.14045138889,1351.53002083333,106.6374375,2992.3719453974,0.228110745995327,0.0758916744636984,0.198289482561645,0.35817100305676,0.047523509190331,14.0376174450093,0.214471509092149,684.125,2301.5345078974
Company_004,Company_004,Luxembourg,Food Products,Consumer Staples,7.06666666666667,5.03333333333333,4.2,5.6,5.9,7.66666666666667,4.9,1805.69356856667,5417.080706,none,no,0,0,2199.80139583333,908.558583333333,1043.10929166667,32.2237916666667,1789.79820417365,0.194853595748473,0.0211593287091473,0.2076099931081,0.588776271637439,0.193423014213993,1.03914166776297,0.449566552890476,420.125,1038.52728750699
Company_005,Company_005,,United States,Consumer Staples,5.3625,4.35,5.475,2.7125,5.925,4.958333333,4.3,61697.1409,555274.2681,negative,high,6,0.75,41921.8125,69080.6875,19951.96875,1586.472222,27283.58979,0.117641576,0.079047115,0.124676808,0.390932401,0.269387377,2.239746255,0.194562656,1097.166667,29731.9079191677
Company_006,Company_006,United States,Utilities,Utilities,3.5,4.4,5.1,4.6,2.7,NA,NA,28.53569502,57.07139004,none,moderate,2,0.25,11391.6743550892,9021.51542672734,5627.0732845266,154.895801386031,9547.13641346812,0.205759236607256,0.0117915315841044,0.194044277469566,0.316204166983397,0.04075368160836,1.23048515920232,0.212014838467193,420.125,7350.28285776622
Company_007,Company_007,Singapore,Metals and Mining - Non-Precious Metals,Materials,3.8,3,2.6,3.9,3,NA,NA,1975.803529,1975.803529,none,no,0,0,929.62500102806,185.466506727598,449.558909832072,48.9297053087296,537.598663824151,0.0993698365553026,0.0904558837805317,0.135555583221058,0.266174794093783,0.114307143773458,0.611579677484694,0.141808721975094,396.125,417.660817793066
Company_008,Company_008,Japan,Specialty Chemicals,Materials,4.3,4.35,4.5,8.5,2.4,2.1,8.5,0.024649495,0.049298989,none,no,0,0,6609.35260575959,6679.70339918745,2649.25957920748,238.272986146028,5062.42440426487,0.248775467711684,0.0892208622449039,0.256188241840934,0.462117602989786,0.0828750698602663,1.42355990783897,0.308351970573923,420.125,3289.38840777872
Company_009,Company_009,United States,Consumer Finance,Financials,5.5,5,6,4.5,6.8,1,1.1,0.014360409,0.014360409,none,no,0,0,173167.568181818,10976.5909090909,13016.6590909091,1336.29545454545,48991.542604888,0.0283514691064859,0.103291625985686,0.24951032000069,0.889114341921812,0.0532022885571652,13.6576905260436,0.280224515129822,546.090909090909,11073.3607867062
Company_010,Company_010,United States,Health Care Equipment & Supplies,Healthcare,5.6,5.3,6,6.3,4.3,2.3,2.3,0.03657527,0.03657527,none,NA,0,0,112.030475,75.76885,67.60295,-2.99965,436.009308843198,0.364179342329187,-0.21635865,-0.181749889,0.378355512352011,1.96879203998695,2.50364485507666,0.141662202972526,276.1,464.180508843198
Company_011,Company_011,France,Multi-Line Insurance & Brokerage,Financials,9.46666666666667,7.1,9.8,6.96666666666667,6.4,0.8,0.7,2.063616652,6.190849956,none,moderate,0,0,923578.967502219,132472.967351886,72824.7377953015,5791.95594744618,83249.7959211084,0.0096069844870977,0.0837134724972355,0.119976439037947,0.478772216364132,0.0423466872985306,419.060474865996,0.058904599833786,420.125,62501.5041435358
Company_012,Company_012,South Korea,Household & Personal Products,Consumer Staples,0,2,1.8,1.3,2.7,4.2,3.2,129.6557907,129.6557907,none,moderate,0,0,361.601361497671,540.022161679794,271.766669687884,26.3022183882527,545.980685424807,0.818969042558891,0.128105384656293,0.228337492975953,0.057779196353112,1.04149171345668,0.97905384968875,0.0315105471943728,450,620.598323566162
Company_013,Company_013,Japan,Beverages,Consumer Staples,3.45,4.425,4.1,4.75,4.525,2.95833333333333,3.54166666666667,2.552578998,10.21031599,none,moderate,0,0,27679.3474748606,17811.8724269257,11973.0644334539,965.483055800369,26832.2780775654,0.294642022137097,0.0835753503572644,0.202965832792802,0.446257310305893,0.033257981049914,2.63479730052313,0.314631356087628,420.125,18126.6938418596
Company_014,Company_014,Australia,Household & Personal Products,Consumer Staples,2.6,4,4.3,1.6,7,NA,NA,48.66464647,48.66464647,none,no,2,0.25,NA,NA,NA,NA,NA,NA,NA,NA,NA,NA,NA,NA,NA,NA
Company_015,Company_015,United Arab Emirates,Banks,Financials,7,4.9,4.9,4.4,5.6,0.9,0.8,45.04042878,45.04042878,none,high,0,0,107904.349158634,9325.00304526705,10653.4059035304,1037.77354237497,39034.5165957202,NA,0.106008432765876,0.16046073452337,0.677867370313656,0.0946234844523313,174.127064396594,0.165079217190978,420.125,23703.25207
Company_016,Company_016,Sweden,Trading Companies & Distributors,Industrials,5.5,5.3,2.8,7.4,6.1,NA,NA,0.033000589,0.033000589,none,no,0,0,NA,NA,NA,NA,NA,NA,NA,NA,NA,NA,NA,NA,NA,NA
Company_017,Company_017,United States,Banks,Financials,4.5,4.4,1.1,3.7,6,0.7,1.1,1.539309818,1.539309818,none,no,0,0,10878.3896666667,481.368770833333,1226.20139583333,113.487416666667,1448.06463194974,0.0420083123772115,0.0920973702286133,NA,0.388801758693286,0.0473026785863261,57.117698090827,0.0393125843469611,288.125,1539.79017365558
Company_018,Company_018,Germany,Diversified Chemicals,Materials,8.2,5.55,5.8,2.85,6.9,4.1,6.5,12.32665029,49.30660114,none,high,32,4,91769.1935895789,81498.0989328727,41754.2642932001,3683.36409940624,88381.4726749399,0.280412988339674,0.0912497494759664,0.256941947556082,0.374405531363682,0.0702522394147322,2.03335081391623,0.232989236266736,420.125,70592.3662416573
Company_019,Company_019,Germany,Pharmaceuticals,Healthcare,5.6,4.5,2.9,4.6,4.9,4.7,2.9,5.47076,5.47076,none,high,52,6.5,110434.994300753,49322.7533440729,38524.2741476526,1057.55078765594,104962.435490957,0.315151526315237,0.0383837475389419,0.304983530383807,0.517500581188641,0.101557116631329,5.33060306683378,0.296116186572232,420.125,77760.2782648088
Company_020,Company_020,Cayman Islands,Banks,Financials,10,6.2,7.8,6.4,5.4,NA,NA,42.38496409,42.38496409,NA,NA,0,0,NA,NA,NA,NA,NA,NA,NA,NA,NA,NA,NA,NA,NA,NA
Company_021,Company_021,Australia,Commercial Services & Supplies,Industrials,3,4.7,3.4,4.1,6.4,NA,NA,4.919370713,4.919370713,none,no,0,0,676.095921179379,250.399291512329,421.141709679556,25.4072729463887,1216.11742217946,0.168841599198886,0.101587095164893,0.243926151716331,0.386621355552905,0.202352989221624,0.741741749651162,0.312940959107722,426.4,1048.3736021101
Company_022,Company_022,Cayman Islands,Banks,Financials,3.1,3.9,0.4,4.5,3.85,NA,NA,97.60102078,585.6061247,NA,NA,0,0,NA,NA,NA,NA,NA,NA,NA,NA,NA,NA,NA,NA,NA,NA
Company_023,Company_023,Brazil,Food Products,Consumer Staples,5.13076923076923,4.30769230769231,3.66923076923077,4.86153846153846,4.46153846153846,3.85,3.275,703.082211260769,9140.068746,none,high,6,0.75,12008.8640899186,10259.2012333913,3487.14837345607,12.5152216241017,12477.2964375072,0.229416190633088,-0.031887831,0.160272579505866,0.801546148676214,0.21203532832631,2.65872308977746,0.446958821421928,420.125,9014.41456840858
Company_024,Company_024,United States,Food Products,Consumer Staples,9.4,5.98125,6.50625,4.775,7.7375,7.46666666666667,3.8,124169.830440224,1986717.28704358,negative,moderate,80,10,23071.8541666667,52383.8541666667,7686.97916666667,738.333333333333,15708.3807112304,0.140851820221132,0.0823061913170084,0.190981642926111,0.517113808396303,0.14278218228993,2.84511380627187,0.293953534845775,420.125,11066.2348782204
Company_022,Company_022,Cayman Islands,Banks,Financials,7.1,5.5,7.3,4.7,6.2,NA,NA,97.60102078,585.6061247,NA,NA,0,0,NA,NA,NA,NA,NA,NA,NA,NA,NA,NA,NA,NA,NA,NA
Company_025,Company_025,Switzerland,Food Products,Consumer Staples,7.8,5.1,3,5.7,6.6,2.79166666666667,3.6,0.604172085,1.208344169,positive,no,101,12.625,6941.44704938403,7218.20301391592,2456.61686443512,333.071752662102,10582.2368339496,0.18257414672643,0.136063531331184,0.23269868867545,0.52098412286811,0.104230434934138,2.91864355850951,0.3047114861399,420.125,8983.13405611294
Company_026,Company_026,Thailand,Retail - Food & Staples,Consumer Staples,3.35,3.75,2.05,4.35,3.25,2.2,2.7,65.7475735,131.495147,none,no,0,0,7199.10622404066,3429.68102544309,2590.14271783157,127.307290240605,7625.84477501335,0.157403575667883,0.0764735076840533,0.183017561096638,0.588797305437265,0.0325076197747025,2.5585856141709,0.468935596089365,420.125,4115.2761938902
Company_027,Company_027,United States,Food Products,Consumer Staples,6.56666666666667,5.63333333333333,7.86666666666667,3.13333333333333,8.73333333333333,3.48333333333333,3.44166666666667,18.31574184,54.94722553,NA,NA,0,0,NA,NA,NA,NA,NA,NA,NA,NA,NA,NA,NA,NA,NA,NA
Company_028,Company_028,Germany,Trading Companies & Distributors,Industrials,8.35,6.35,3.8,6.55,7.9,1.8,1.8,6.23339032,12.46678064,none,moderate,5,0.625,9261.48529181787,14548.4092243499,3881.00241867475,535.346010454631,11875.2372307404,0.356594162835017,0.137719520657506,0.261604410901112,0.47084791236214,0.113620364387191,4.05657908515723,0.28899679480018,420.125,9863.45496696346
Company_029,Company_029,United States,Food Products,Consumer Staples,5.4,4.34375,5.73125,2.81875,3.6625,4.5,3.9,50884.2084275798,915915.751696436,negative,high,283,35.375,NA,NA,NA,NA,NA,NA,NA,NA,NA,NA,NA,NA,NA,NA
Company_030,Company_030,Chile,Retail - Food & Staples,Consumer Staples,0.766666666666667,2.76666666666667,2.56666666666667,2.8,3.16666666666667,1.82,2.62,839.185748233333,2517.557245,none,moderate,0,0,15922.1037210717,16259.0174256735,6796.26529014922,390.240670727342,11331.000401058,0.310780139449255,0.0582805570338977,0.1478445167439,0.504711028559135,0.077345380454144,2.12375246797771,0.334223367726704,420.125,6743.09170015372
Company_031,Company_031,France,Energy Equipment & Services,Energy,8.125,7.35,7.575,8.625,6.175,NA,NA,5294.39089976667,31766.3454,none,no,0,0,NA,NA,NA,NA,NA,NA,NA,NA,NA,NA,NA,NA,NA,NA
Company_031,Company_031,France,Energy Equipment & Services,Energy,8.125,7.35,7.575,8.625,6.175,1.86666666666667,2.16666666666667,5294.39089976667,31766.3454,none,no,0,0,NA,NA,NA,NA,NA,NA,NA,NA,NA,NA,NA,NA,NA,NA
Company_031,Company_031,France,Energy Equipment & Services,Energy,8.285,7.2,8.15,9.5,5.15,1.86666666666667,2.16666666666667,5294.39089976667,31766.3454,none,no,0,0,NA,NA,NA,NA,NA,NA,NA,NA,NA,NA,NA,NA,NA,NA
Company_032,Company_032,Hong Kong,Real Estate Development & Diversified Activities,Real Estate,1.8,2.7,4.3,0.5,3.9,1.2,2.4,122.0689939,244.1379877,none,no,0,0,15571.2745700541,4271.65322767931,2981.65216884251,360.396391923915,2929.76845655734,0.0668269841749969,0.12496760863103,0.232206470093151,1.13523731090499,0.268040148551179,359.81217480317,0.29950039505359,420.125,1538.5290376325
Company_033,Company_033,South Korea,Food Products,Consumer Staples,5.6,4.56666666666667,4.6,5.6,2.53333333333333,3.125,3.91666666666667,13.2620917013333,79.57255021,none,no,0,0,17674.2994656055,16306.1314335287,4622.29897872389,324.06988845263,10296.2415835573,0.221370309143396,0.0680475951854464,0.308954236556482,0.682637347241631,0.0987308336506273,1.4070545057312,0.412183465984015,420.125,4165.461421
Company_033,Company_033,South Korea,Food Products,Consumer Staples,7.1,4.8,5.4,5.7,3.2,3.125,3.91666666666667,13.2620917013333,79.57255021,none,no,0,0,17674.2994656055,16306.1314335287,4622.29897872389,324.06988845263,10296.2415835573,0.221370309143396,0.0680475951854464,0.308954236556482,0.682637347241631,0.0987308336506273,1.4070545057312,0.412183465984015,420.125,4165.461421
Company_034,Company_034,Hong Kong,Food Products,Consumer Staples,5.6,4.475,4,5.525,4.025,2.61666666666667,3.21666666666667,4924.94814350975,19699.792574039,NA,NA,0,0,28717.9089951254,24455.4417267918,4443.07115514094,198.023034094598,12617.13982,0.291748489269447,0.0461125218620525,0.60696010321743,0.811759287817757,0.12865114608893,1.74022159607579,0.397088266126368,420.125,3358.56643179338
Company_035,Company_035,Thailand,Food Products,Consumer Staples,4.6,4,3.6,5.5,2.9,3.2,3.5,145.9461132,145.9461132,NA,NA,0,0,NA,NA,NA,NA,NA,NA,NA,NA,NA,NA,NA,NA,NA,NA
Company_036,Company_036,Thailand,Food Products,Consumer Staples,3.775,3.725,3.175,4.45,3.15,3.2,3.5,26.64221189,106.5688475,none,moderate,4,0.5,18821.5288483552,15111.4400667178,5300.05367174952,392.477025680291,15291.4985627728,0.14748261775768,0.0790980980277604,0.161014660579469,0.700625136469564,0.0969989418249706,2.08000435629188,0.526622607581388,420.125,6348.64825336309
Company_037,Company_037,China,Pharmaceuticals,Healthcare,3.1,3.5,3.1,3.8,3.2,NA,NA,901.6054891,1803.210978,none,no,0,0,825.174065149605,443.381845709341,684.977496966817,79.5816390708305,3542.79850062697,0.535940293593976,0.131045685931806,0.0866981416603823,0.0380804656107652,3.36500349080168,0.953985741763899,0.0146354525356832,432.3,3945.43863910713
Company_037,Company_037,China,Pharmaceuticals,Healthcare,5,4.8,4,4.9,4.7,NA,NA,901.6054891,1803.210978,none,no,0,0,825.174065149605,443.381845709341,684.977496966817,79.5816390708305,3542.79850062697,0.535940293593976,0.131045685931806,0.0866981416603823,0.0380804656107652,3.36500349080168,0.953985741763899,0.0146354525356832,432.3,3945.43863910713
Company_038,Company_038,China,Consumer Staples,Consumer Staples,3.75,3.88,2.16,5.58,4.31,4.8,4.5,12258.6579800669,122586.579800669,none,no,10,1.25,2083.54230117873,1554.76027291675,955.391861823909,94.4396875776825,1789.21807427488,0.158626885844099,0.0888629923792841,0.215448544467543,0.507542180031512,0.169579624610427,1.07220481575246,0.391929239551938,438.555555555556,1100.10079517172
Company_039,Company_039,United Arab Emirates,Banks,Financials,6.7,5.1,1.9,4.5,7.2,NA,NA,0.127668116,0.127668116,none,no,0,0,21520.924637332,967.247329226981,2723.88322604666,355.787382713847,3553.77951290051,NA,0.129954501505752,0.129950909146839,0.879311255794679,0.156253313009118,205.14990231209,0.0959073048899026,420.136363636364,3583.06864579028
Company_040,Company_040,Switzerland,Professional Services,Industrials,7,5.6,5,6,3,2.3,1.75833333333333,0.016421031,0.016421031,none,no,0,0,4933.47025935466,11205.6352979495,1679.19740434013,215.636543517217,4607.07674032633,0.191670553639792,0.130757152569716,0.209224396046863,0.228572546506402,0.165682356892225,15.2023931409651,0.0749013874290247,420.125,4734.74432220518
Company_041,Company_041,United Arab Emirates,Integrated Oil & Gas,Energy,6,5,6.5,5.6,2.8,NA,NA,0.318502669,0.318502669,none,no,0,0,NA,NA,NA,NA,NA,NA,NA,NA,NA,NA,NA,NA,NA,NA
Company_042,Company_042,Taiwan,Commodity Chemicals,Materials,7.5,5.8,6.35,3.05,7.2,NA,NA,4.071576267,8.143152534,NA,NA,0,0,107.927161055735,54.836696088872,37.0727773416433,-11.18370038,69.802999903217,0.0131725312134011,-0.435337725,-0.306064883,0.671072203351751,0.138818688368824,1.1505078583758,0.465732166078968,377.7,32.495811644011
Company_043,Company_043,United Arab Emirates,Banks,Financials,4.98,4.6,1.6,4.66,5.18,0.6,0.5,1.324351971,6.621759853,none,moderate,0,0,58280.5684758012,2892.90878627897,7674.7341427363,1060.11102508904,7487.11189252352,NA,0.13989263157105,0.150132383338461,1.63041472206353,0.1738734005986,167.313306515418,0.0635322541372529,420.125,8687.3468218425
Company_044,Company_044,Hong Kong,Retail - Consumer Discretionary,Consumer Discretionary,8.5,5.7,1.3,6.3,7,NA,NA,0.247441462,0.494882923,NA,NA,0,0,3123.04559489733,6062.57313099863,1242.79136522237,95.9569741291215,1720.6060149371,0.262073017458672,0.0775890070956653,0.164597468772421,0.489644347414047,0.121007418763383,3.74144348171945,0.309268984145371,390.5,969.318812319436
Company_045,Company_045,Italy,Asset Management & Custody Banks,Financials,1.7,3.8,6.7,3.5,4.1,NA,NA,0.032787899,0.065575798,none,no,0,0,850.623140801341,95.390777757426,613.476151001605,-2.756594198,420.619665258595,NA,0.00454099951454611,0.0496609052826428,0.0637447858071254,1.5607465011205,31.3584808202788,0.0477555315973149,414.090909090909,453.423656475504
Company_046,Company_046,South Korea,Food Products,Consumer Staples,2,3.1,1.7,5.8,2.8,4.33333333333333,4,10.80822088,10.80822088,none,no,0,0,1235.85588102791,2350.44052714813,566.749745770547,54.4202633361231,1019.42839599491,0.486095870737094,0.0946993311477514,0.200256418139238,0.43868531084729,0.12446598673853,1.50097319971012,0.299193545795916,420.125,721.505581834256
Company_047,Company_047,United States,Consumer Finance,Financials,2.975,3.9,6.7,3.55,4.525,1.1,1.1,0.84013608,3.36054432,none,no,0,0,1846.50388636364,929.20525,630.177272727273,141.837863636364,1835.91370064493,0.364794483039738,0.259063677108491,0.418282241304361,0.776621214733127,0.14786927715693,16.9261909311351,0.612581486126795,126.5,908.975677917657
Company_048,Company_048,China,Banks,Financials,5.06666666666667,4.6,5.3,4.2,5.2,0.9,0.8,21.6112955833333,64.83388675,none,moderate,0,0,9264.12984667318,640.396009263358,4881.8983816159,197.353173753496,4678.70946240874,NA,0.0375783737653236,0.0432304425036519,0.378478363149463,0.364682471635446,23.1521168732168,0.285405732345496,420.125,2576.63451941577
Company_049,Company_049,Germany,Specialty Chemicals,Materials,6,5.3,5.2,4.1,7,3.15,6.85,0.00074817,0.00149634,none,moderate,5,0.625,22689.9443295515,16307.8533795697,9804.03695836873,729.82135773322,16184.9654291683,0.240143836143824,0.0800785565073987,0.228875903325269,0.34697577612016,0.139986422120727,1.91496685160208,0.170960844828195,420.25,13983.1032258497
Company_050,Company_050,Singapore,Food Products,Consumer Staples,6.43333333333333,4.83333333333333,3.03333333333333,6.1,7.06666666666667,10,3.4,26746.4645233333,80239.39357,none,moderate,5,0.625,1773.392313,729.051395833333,1106.79122916667,167.19,2192.44399619847,0.230327511788187,0.147591863173625,0.25267037999212,0.342398157614327,0.392583531629793,0.624546821660218,0.241223512326434,420.125,2007.41643369005
Company_051,Company_051,United States,Automobiles,Consumer Discretionary,1.9,3.3,5.1,2.2,2.8,1.8,2.3,0.374589928,0.374589928,none,high,20,2.5,241367.145833333,149996.895833333,33859.7916666667,5309.91666666667,150050.169335573,0.116784502183041,0.169832038282608,0.330065253868059,1.04177822455353,0.182668798583625,3.5391774788316,0.576134050867426,828.125,48888.7735022401
Company_052,Company_052,Taiwan,"Oil & Gas Refining, Marketing, Transportation & Storage",Energy,1.5,3.4,2.9,6.6,2.1,4.3,7.15833333333333,362.0148587,362.0148587,none,moderate,0,0,14513.6637702896,23386.2788418554,9801.82778383208,1169.41913809158,28220.6216842117,0.144986725048004,0.114797482169362,0.173905478749303,0.280929733925749,0.889274190973409,1.11482076337083,0.195817801861139,420.125,28453.3880707279
Company_053,Company_053,Germany,Commodity Chemicals,Materials,3.6,3.7,4,1.6,5.5,4.6,5.5,0.01497917,0.01497917,none,no,0,0,NA,NA,NA,NA,NA,NA,NA,NA,NA,NA,NA,NA,NA,NA
Company_054,Company_054,Japan,Food Products,Consumer Staples,6.6,4.6,3.7,6.5,3.4,6.13333333333333,3.9,32.09097395,32.09097395,none,moderate,2,0.25,2768.21876205394,3036.41838538137,1457.06021640826,94.6858625030948,2515.31176630771,0.235228989923809,0.0658960413318767,0.177594246906043,0.373778751688487,0.129908117827071,1.36428848675224,0.28355659575605,420.125,1827.16871300874
Company_055,Company_055,Japan,Retail - Food & Staples,Consumer Staples,3.2,3.3,2.9,4.6,0,2.3,2,45.2110365096667,135.6331095,none,no,0,0,10664.5697647568,5433.62894967131,3695.14522857997,222.268957865572,8593.54695113362,0.416114524008936,0.0689188990643524,0.230308455822837,0.504271044378154,0.340546595255836,2.43573319836446,0.203686699931549,396.4375,7788.43663426844
Company_055,Company_055,Japan,Retail - Food & Staples,Consumer Staples,4.1,4.1,2.7,4.9,2.6,NA,NA,45.2110365096667,135.6331095,none,no,0,0,10664.5697647568,5433.62894967131,3695.14522857997,222.268957865572,8593.54695113362,0.416114524008936,0.0689188990643524,0.230308455822837,0.504271044378154,0.340546595255836,2.43573319836446,0.203686699931549,396.4375,7788.43663426844
Company_056,Company_056,Germany,Industrial Machinery,Industrials,7.1,6.1,6.2,3.3,7.3,1.93333333333333,2.6,0.00217492,0.00217492,none,no,0,0,6887.75542489897,5627.117069,2888.09552365706,263.928724396045,7210.2436280119,0.280995396369397,0.090095530083876,0.173570163068048,0.226687483145675,0.205821836739761,5.97205365309091,0.0833533744964587,420.125,7425.41276835336
Company_057,Company_057,Malaysia,Food Products,Consumer Staples,2.23333333333333,3.33333333333333,2.96666666666667,4.9,1.66666666666667,10,3.25833333333333,3416.4825,20498.895,negative,moderate,1,0.125,1840.48322477558,517.068408914837,1163.37975318004,74.8641875122316,2018.41225153791,0.109486187406755,0.0646655792313743,0.108547525160791,0.402624548901646,0.584735524111386,0.645911375102824,0.274132785285157,420.125,1876.46939535588
Company_058,Company_058,Switzerland,Metals and Mining - Non-Precious Metals,Materials,3.93636363636364,3.40909090909091,2.87272727272727,2.41818181818182,5.39090909090909,10,6.275,18460.4665101818,203065.1316,none,high,23,2.875,131142.083333333,203086.135416667,49189.3958333333,2198.6875,92810.0559255223,0.109479883914194,0.0438957647281376,0.207497559637601,0.480441420546338,0.0288556015929869,1.75636285286857,0.293430510427474,420.125,56710.4309255223
Company_059,Company_059,United States,"Oil & Gas Refining, Marketing, Transportation & Storage",Energy,6.1,5.4,5,6.7,5,2.8,3.84166666666667,0.029123168,0.029123168,none,no,0,0,NA,NA,NA,NA,NA,NA,NA,NA,NA,NA,NA,NA,NA,NA
Company_060,Company_060,Japan,Industrial Machinery,Industrials,8.1,6.2,6,6.2,6.4,1.9,3,106.4865279,212.9730558,none,no,0,0,2944.42837312672,2001.9337391505,1714.13200369882,64.0363604235719,1655.93546605347,0.276468705678895,0.0346480414875916,0.147492450676964,0.311425082878371,0.447174048761261,3.72639245598177,0.180567755121077,420.125,1654.49452512884
Company_061,Company_061,Singapore,Food Products,Consumer Staples,2.33333333333333,3.4,3.56666666666667,2.9,4.1,10,3.2,50537.6654203333,151612.9963,positive,high,73,9.125,10483.6085416667,7862.34322916667,6278.73422916667,270.9783125,5551.00278298777,0.176511807011967,0.0531806846641677,0.1198608384433,0.397255070872365,0.148007430880383,0.969807855911054,0.307152054795492,420.125,3213.2177413211
Company_062,Company_062,Australia,Food Products,Consumer Staples,5.6,4.5,3.78571428571429,4.41428571428571,7.4,3.01666666666667,2.4,0.568329700714286,3.978307905,none,no,0,0,2758.8495309625,3814.55832815146,1287.0336938195,88.3965430799977,2189.69673103144,0.240984610696365,0.0729055559353783,0.176007274824408,0.500050916233477,0.165738953608352,1.85239740271023,0.36698952600769,420.125,1405.04803766929
Company_063,Company_063,South Korea,Trading Companies & Distributors,Industrials,6.3,5.7,5.8,7.4,3.6,NA,NA,29.73755008,29.73755008,NA,NA,0,0,998.386091583514,2910.3647439604,281.794510122397,6.16927672897145,527.117789699463,0.1259999130727,0.0114949483939498,0.139733189371127,0.682958473462966,0.129720194188743,3.41349318091342,0.425370459602541,420.125,183.923666214881
Company_064,Company_064,China,Industrial Machinery,Industrials,0,2.8,2.9,4.1,2.2,2.66666666666667,2.4,69.45845929,69.45845929,none,no,0,0,3025.82916230006,2505.9609554761,2293.2465758543,653.046518082093,32925.2764485286,0.377906031809043,0.297188470241124,0.339743668223293,0.256924873803126,2.54394613185812,1.08424976899845,0.00411915726486188,426.136363636364,34906.4101596702
Company_065,Company_065,Japan,Trading Companies & Distributors,Industrials,2.15,4.2,3.2,7.2,2.9,2.8,4.9,3.073775769,6.147551538,none,no,0,0,7403.09591813437,16703.5088684746,1654.33959232443,156.981578962033,3641.42518998108,0.0962608024770889,0.0862903004966164,0.155771744670366,0.70395335541024,0.0757458741631014,9.31607274662899,0.395101482064795,420.125,1178.78579421972
Company_066,Company_066,South Korea,Industrial Conglomerates,Industrials,3.15,3.5,3.45,3.7,3.35,2.1,3,0.107019049,0.214038098,none,no,1,0.125,136401.293381912,39616.1111906336,5452.9952145744,295.721462834467,10423.0730667669,0.0314856903491572,0.0608024465609082,0.369955612255875,0.800759821483177,0.0261176967585162,12.5879749282844,0.0921616297734201,420.125,2063.8874794734
Company_067,Company_067,China,Household & Personal Products,Consumer Staples,0,2.5,1.5,2.6,3.7,8.2,4.2,74.33986333,74.33986333,none,no,0,0,5887.97429072873,3060.02238956855,2514.68752397879,496.246562821022,9164.96585290183,0.237892957785765,0.201190504733464,0.279979450540423,1.11814070165674,0.831278769482996,2.54625749232347,0.468421122882219,420.125,9183.24325183771
Company_068,Company_068,Malaysia,"Oil & Gas Refining, Marketing, Transportation & Storage",Energy,3.9,4.5,2.8,6.9,7,NA,NA,48.32091117,48.32091117,none,no,0,0,1149.58739314883,3253.40703299164,393.817028561978,-6.971906182,642.81271480332,0.0613394753016648,-0.138402755,0.0379735807681827,0.572482020701844,0.14211051653609,2.05622590061839,0.322643974639952,420.125,385.828592820597
Company_069,Company_069,Finland,Food Products,Consumer Staples,5.8,4.4,2.5,5.6,7,NA,NA,23.59304789,23.59304789,NA,NA,0,0,NA,NA,NA,NA,NA,NA,NA,NA,NA,NA,NA,NA,NA,NA
Company_070,Company_070,United Kingdom,Banks,Financials,5.4,5.1,6.5,4.4,6,0.763636363636364,0.9,0.433534919,0.433534919,none,high,95,11.875,2756204.70833333,74668.4583333333,180314.208333333,13207.3333333333,156296.368135182,0.0199268375021221,0.0733546181755855,0.111360500902048,2.20220135664424,0.150799448827735,225.268566118392,0.0547703791485879,420.125,156823.649891742
Company_071,Company_071,South Korea,Commodity Chemicals,Materials,4.73333333333333,4.4,5.5,1.7,3.53333333333333,2.28333333333333,3.26666666666667,0.0369759746666667,0.110927924,none,moderate,0,0,8526.92147733948,6864.6144186554,2614.33295714459,169.201600560973,5952.8684712655,0.141429817259826,0.0599015294524669,0.214488978060542,0.590296971764574,0.0968240788662107,2.57260001395103,0.423989471295649,420.128787878788,2206.96528071775
Company_072,Company_072,Mexico,Food Products,Consumer Staples,1.5,3.4,1.8,4.8,2.5,NA,NA,0.024176976,0.024176976,none,no,0,0,2843.56280600822,3489.27915000084,2246.97320276995,216.618786294713,1848.04917448103,0.254033507583838,0.0996965870127073,0.175555586448652,0.167774387213651,1.1168014748969,0.793735317022134,0.0807537981934724,420.049242424242,2496.37111418434
Company_073,Company_073,India,Paper & Forest Products,Materials,4.4,5.4,5.75,4.45,5.7,NA,NA,375.5439542,751.0879083,none,moderate,14,1.75,30336.0208333333,22220.4583333333,9757.8125,1160.95833333333,30236.7241839753,0.165813110382057,0.119960635109293,0.297129106083232,0.683677393731827,0.0528245481532481,1.79102814755501,0.429971407905905,1082.125,18155.5575173086
Company_074,Company_074,Malaysia,Food Products,Consumer Staples,3.86666666666667,3.83333333333333,3.46666666666667,3.26666666666667,5.26666666666667,10,3.71666666666667,559.6701677,2798.350838,negative,high,47,5.875,4492.35491569945,2778.37457078035,2492.39040272477,265.937154516459,7888.14189109274,0.151274756935251,0.102785105495482,0.167426396288967,0.486623380406962,0.303105866976723,1.1001492813325,0.3423269591748,420.125,6979.39168827913
Company_075,Company_075,India,Tobacco,Consumer Staples,7,4.55,4,3.7,7.15,4,2.4,308.5858138,617.1716275,none,moderate,1,0.125,8862.83254066265,6792.04734365593,7001.64071119936,1787.12377400534,44622.5383951064,0.453510020252061,0.261576507503037,0.368600770973342,0.00651778899385319,1.19641844502412,0.681243151714807,0.0030594837937511,420.125,46866.07904
Company_076,Company_076,Japan,Trading Companies & Distributors,Industrials,6.54,5.66,4.3,7.56,5.34,2.3,2,441.2587053,2206.293526,none,moderate,1,0.125,87023.828024274,97438.081834519,27506.6133410042,3998.63227788942,61573.5072436084,0.155885655089889,0.146301911710363,0.18626142955399,0.590735204078529,0.0959380548953097,5.65620645667543,0.365408129779901,420.125,35346.6937923317
Company_077,Company_077,India,Banks,Financials,3.7,4.2,0,4,5.6,NA,NA,35.9348158,35.9348158,none,moderate,0,0,14133.7387678485,1181.86472062047,972.121440319165,61.7520670831893,856.027883848974,NA,0.0583554274921068,0.0764875303897366,0.402075616549966,0.0987008697291859,79.1807731400665,0.0214316014264473,420.125,710.743681591811
Company_078,Company_078,United States,Asset Management & Custody Banks,Financials,9.55,6.8,10,5.7,8.8,0.6,1.1,3.696736717,7.393473433,NA,NA,0,0,2768.746,958.803,2017.258,138.029,2187.45459626367,0.110511339297728,0.0680778347631244,0.134933202602255,0.349494114432356,0.633005939987088,35.1543636369614,0.170553303194604,209.8,2448.16059626367
Company_079,Company_079,Brazil,Food Products,Consumer Staples,1.31666666666667,2.62222222222222,2.48333333333333,2.33888888888889,4.54444444444444,5.16666666666667,3.7,46576.2982237437,931525.964474874,negative,high,125,15.625,32772.6965116395,53091.9374422046,9109.71270062593,1017.2683998598,24160.597684393,0.274985268410413,0.108730231732427,0.347280396094833,0.780027743847004,0.154326033341693,2.25509349965426,0.508782023177299,420.125,11002.2685944013
Company_080,Company_080,Kuwait,Investment Banking & Brokerage,Financials,1.6,3.7,5.9,2.7,5.1,NA,NA,0.008745459,0.008745459,NA,NA,0,0,345.642883088301,45.2400494647825,147.591750970863,3.67242479985007,178.773531766562,NA,0.0154835760983755,0.00501495168044574,0.60670812940816,0.347807774893162,206.081589141058,0.404554328994719,420.106060606061,93.1006736843943
Company_081,Company_081,Japan,Trading Companies & Distributors,Industrials,3.4,4.85,4.75,6.65,3.6,2.3,2.8,0.071868292,0.143736584,none,no,1,0.125,4577.60188825036,8232.97609727645,994.823427092149,116.648866277964,1632.70733360459,0.200725279211933,0.12444512626925,0.26892194805828,0.771841406533144,0.199906699104761,12.025792317719,0.299972434564682,420.125,929.307369270875
Company_082,Company_082,Finland,Industrial Machinery,Industrials,5.16666666666667,4.8,5.8,5.43333333333333,3.76666666666667,1.8,2.36666666666667,12.8621097523333,38.58632926,none,no,0,0,8738.32359015316,10492.7397745135,2863.12987769623,1019.57601229983,22167.4444464363,0.618130097190846,0.363626455624246,0.536546995965666,0.332737506999758,0.314252798983871,11.343802803507,0.0459277820978305,420.125,23645.3627629311
Company_083,Company_083,Malaysia,Food Products,Consumer Staples,4.5,4.26666666666667,4.46666666666667,3.83333333333333,4.66666666666667,6.68333333333333,4.35,47857.0009,382856.0072,negative,high,15,1.875,4973.96578573603,4226.83243742943,2772.28129403503,289.717005444395,6973.03271716622,0.154246431153388,0.104361583823015,0.187673377163522,0.378299337251663,0.285282755736491,0.948017524455123,0.271443567568475,420.125,6127.64645122804
Company_084,Company_084,Ireland,Food Products,Consumer Staples,8,5.8,3.9,6.2,7.9,2.9,3.4,86.56424144,86.56424144,none,moderate,1,0.125,9713.27440960264,7877.21567612359,4895.47593609566,600.945725404228,18781.8816129829,0.380976065626872,0.126854276872764,0.22023759884238,0.39508321335723,0.106411761019189,2.70413017673134,0.259320510704698,420.125,16845.5617369772
Company_085,Company_085,United States,Food Products,Consumer Staples,5.26666666666667,4.3,4.06666666666667,4.4,4.63333333333333,3.2,3.7,160.691504003333,482.074512,none,high,17,2.125,90265.9560909091,22908.650530303,57346.364,1430.88437878788,80643.7729340384,0.122293412194247,0.0457076512611208,0.119398392695236,0.390330764721963,0.0580944502637658,7.16994439502485,0.283419923410422,824.787878787879,59043.0736613111
Company_085,Company_085,United States,Food Products,Consumer Staples,5.26666666666667,4.3,4.06666666666667,4.4,4.63333333333333,3.2,3.7,160.691504003333,482.074512,none,high,17,2.125,90265.9560909091,22908.650530303,57346.364,1430.88437878788,80643.7729340384,0.122293412194247,0.0457076512611208,0.119398392695236,0.390330764721963,0.0580944502637658,7.16994439502485,0.283419923410422,824.787878787879,59043.0736613111
Company_086,Company_086,Malaysia,Food Products,Consumer Staples,1.7,2.7,1.8,4.1,2.2,NA,NA,2.98671375,2.98671375,none,no,0,0,1383.12637430923,1712.92285353821,444.891200444881,39.8023003553638,1051.81582503657,0.29717286266959,0.0891565625548063,0.283737342927548,0.707575170342601,0.204253423770793,1.22674934799037,0.483071728063735,456.083333333333,552.513906039612
Company_087,Company_087,South Korea,Household & Personal Products,Consumer Staples,6.2,5.4,6.2,5.7,2.8,3.2,3.2,91.23746084,91.23746084,none,no,0,0,4652.18961751597,5429.69687853271,2976.41080100199,450.057692962788,12380.8926926329,0.70093938698277,0.169427195154771,0.310846223022086,0.242055839801342,0.237395916004354,1.27056170386168,0.159842230063616,420.125,12130.8838159622
Company_088,Company_088,South Korea,Trading Companies & Distributors,Industrials,4.25,5.15,4.55,6.2,4.95,3.3,2.4,194.9121289,389.8242578,none,no,0,0,NA,NA,NA,NA,NA,NA,NA,NA,NA,NA,NA,NA,NA,NA
Company_089,Company_089,Japan,Commodity Chemicals,Materials,7.1,5,5.7,3.5,3.7,3.7,6.7,5.761211226,5.761211226,none,no,0,0,2385.96830027441,2081.37423826766,1633.50655823973,99.6525501852534,1197.47784537514,0.244343118434712,0.0609518706185901,0.151299144864426,0.0535120669714282,0.668440775770107,1.10177876266962,0.0280986072709957,420.125,1616.46239971012
Company_090,Company_090,Sweden,Health Care Providers & Services,Healthcare,7.8,5,5,7.7,3.4,1.8,2.3,7.205316654,7.205316654,none,no,0,0,1842.52217767859,1453.14936844805,836.406237772051,168.202513698054,5853.88790346885,0.365269464982089,0.194255772164809,0.329534856012344,0.439201975244158,0.0888311296758711,9.10876807938895,0.30926394829921,426.545454545455,5393.44538244278
Company_091,Company_091,Brazil,Food Products,Consumer Staples,7.1,5,4.3,6,5,3.6,2.7,155.0605733,155.0605733,none,no,0,0,1873.97275518105,1680.00090251702,1333.59014058452,178.343381881796,3392.12093383549,0.302183093984194,0.135615360855949,0.163380234978496,0.220125958539058,0.387069845832373,0.839029408666737,0.164692618145651,420.125,3284.32512653654
Company_092,Company_092,Russia,Retail - Food & Staples,Consumer Staples,1.925,3.35,1.675,3.55,5.675,2,2.4,0.172358358,0.689433431,none,no,1,0.125,9740.72641344844,19043.1372219674,3365.37838884781,720.763947453274,16082.2502713352,0.60474282449278,0.225231892347094,0.340641177566754,0.52336305505765,0.0554391103621456,0.947811000446095,0.368835605218244,408.25,12390.7046240595
Company_093,Company_093,Brazil,Food Products,Consumer Staples,7.6,5.3,6,5.2,4.2,5.4,3.2,10602.3657596936,127228.389116323,none,high,75,9.375,11273.6372333192,11837.4485213795,1260.91284379093,-11.6745218,5768.68200571225,0.182131081817296,-0.204410346,0.992187612067953,1.2760761564192,0.229514708187757,3.92101539673964,0.620790501436177,420.125,1472.41723683288
Company_094,Company_094,Italy,Retail - Food & Staples,Consumer Staples,5.35,4.3,2.1,5.1,6.25,1.6,1.7,3524.52566866667,10573.57701,none,no,0,0,1186.28732648972,1756.99125391836,347.254483644189,54.9815757961548,1460.53043397985,0.285482609008395,0.16314249261835,0.270243883673559,0.691978642879748,0.193065663191791,7.94623403152873,0.333572801731856,420.125,1230.34517197861
Company_095,Company_095,United Kingdom,Electrical Equipment,Industrials,4.77142857142857,5.25714285714286,4.37142857142857,5.42857142857143,6,1.9,2.5,17.562208,122.935456,none,no,0,0,12359.52043,5282.7963434375,6439.89548541667,-176.1754395,9320.11061498601,0.124381236725728,-0.01541416,0.0661085497400635,0.267002120896761,0.771533253737397,4.93270808624096,0.171514800435959,420.125,7511.71104725027
Company_096,Company_096,Germany,Retail - Food & Staples,Consumer Staples,7.9,5.25,4.4,5.6,5.5,2.9,1.8,22.91352602,45.82705203,none,no,5,0.625,15823.6545471717,33380.9359781638,2876.11392122956,220.653375706634,8388.82207319264,0.42150183366587,0.0719111507568363,0.377288199642312,0.764754048105742,0.0897473240560504,2.00487166192735,0.331312254622553,444.3125,4347.90959743206
Company_097,Company_097,Brazil,Food Products,Consumer Staples,5.27142857142857,4.41428571428571,3.38571428571429,5.48571428571429,4.6,6,3.5,179245.019210459,1254715.13447322,none,moderate,7,0.875,3154.96253874899,3813.32202777493,179.657796065958,-38.99815796,2371.58050647261,0.24496797505254,-0.481515559,0.974802721240097,1.62206822041265,0.354343278645213,3.76751257079503,0.809623033849747,420.125,877.089144010862
Company_098,Company_098,Japan,Trading Companies & Distributors,Industrials,5.05454545454545,4.99090909090909,4.74545454545455,5.83636363636364,5.19090909090909,3.4,4.6,14281.2573586587,157093.830945246,none,moderate,2,0.25,108982.174913587,78028.8278776703,42449.1552954743,4096.80394649926,64567.3920951923,0.0919039813747183,0.0916926969551717,0.0854606531804593,0.595377805996321,0.159749905966929,3.65509711000278,0.383083935636681,552.125,33905.515647344
Company_099,Company_099,United Kingdom,Food Products,Consumer Staples,2.1,3,3,2.5,6,NA,NA,80.65117265,80.65117265,NA,NA,7,0.875,NA,NA,NA,NA,NA,NA,NA,NA,NA,NA,NA,NA,NA,NA
Company_100,Company_100,Australia,Investment Banking & Brokerage,Financials,5.2,5.1,6,7.1,2.7,0.7,1,74.9681507,74.9681507,none,high,3,0.375,184949.082823609,11994.4989676241,14536.4900561274,2007.79307899612,76226.9378327335,NA,0.135148402658882,0.235594585536367,1.27678280963912,0.191200115432413,35.5846458600567,0.397239555730542,420.125,30933.0689200448
Company_093,Company_093,Brazil,Food Products,Consumer Staples,7.2,5.05,4.4,5.65,4.8,4.98333333333333,2.86666666666667,10602.3657596936,127228.389116323,none,high,75,9.375,11273.6372333192,11837.4485213795,1260.91284379093,-11.6745218,5768.68200571225,0.182131081817296,-0.204410346,0.992187612067953,1.2760761564192,0.229514708187757,3.92101539673964,0.620790501436177,420.125,1472.41723683288
Company_094,Company_094,Italy,Retail - Food & Staples,Consumer Staples,5.4,4.8,2.9,5.3,6.8,1.6,1.7,3524.52566866667,10573.57701,none,no,0,0,1186.28732648972,1756.99125391836,347.254483644189,54.9815757961548,1460.53043397985,0.285482609008395,0.16314249261835,0.270243883673559,0.691978642879748,0.193065663191791,7.94623403152873,0.333572801731856,420.125,1230.34517197861
Company_101,Company_101,Japan,Trading Companies & Distributors,Industrials,3.62352941176471,4.75294117647059,4.61764705882353,5.47647058823529,4.1,5.13333333333333,5.775,9835.04707448218,167195.800266197,none,moderate,3,0.375,63040.5480663578,88769.059315792,16893.5620170551,1833.62366792045,34050.8740430697,0.119611497727812,0.106038782435063,0.105028239281478,0.697707870704259,0.121239472643619,5.17555389256448,0.395031006376674,420.125,14652.3086532601
Company_102,Company_102,Japan,Food Products,Consumer Staples,6.03333333333333,4.73333333333333,3.5,6.43333333333333,3.8,5.05,4.3,0.177241058,0.531723174,none,moderate,0,0,4754.11669197536,8048.39684239025,1037.49535026174,97.055455394892,3517.46769190803,0.260462256489298,0.0916372848913221,0.299303041067186,0.721368737127563,0.04730430645522,2.76256307523408,0.530424383687201,420.125,1153.97246371853
Company_103,Company_103,Japan,Trading Companies & Distributors,Industrials,5.27,5.08,5.38,5.32,27.42,3,3.8,20956.4433459202,209564.433459202,none,no,0,0,153763.574805575,132438.68559072,53910.9083395703,4587.07410265191,85958.015940902,0.11118778315266,0.0820147812721005,0.105971704762646,0.590773897738615,0.139486017289583,3.74087690848394,0.365050605105433,420.125,43476.459205605
Company_104,Company_104,United States,Food Products,Consumer Staples,5.7,4.5,5,4.2,4.4,3,3.7,2.706711581,2.706711581,negative,high,261,32.625,67727.0833333333,30146.3333333333,32324.5,3443.60416666667,91978.9111751926,0.183109587229242,0.108300254774267,0.153157620524034,0.428532503841745,0.0518673153269429,4.24738202787358,0.288483409015367,240.125,74541.6611751926
Company_105,Company_105,India,Multi-Line Insurance & Brokerage,Financials,0,2.7,0.2,2.1,4.6,1,0.7,241.9469665,241.9469665,NA,NA,0,0,NA,NA,NA,NA,NA,NA,NA,NA,NA,NA,NA,NA,NA,NA
Company_106,Company_106,France,Electrical Equipment,Industrials,4.7,5.4,4.2,6.2,5.8,3.375,4.8,5.173081519,5.173081519,none,no,3,0.375,6407.28136074433,7923.98600320175,1781.45030921502,5.25560397979546,3028.75889900859,0.176378661309767,0.000976450079952896,0.221484161427427,0.703911990204267,0.216202158137574,3.10709822663928,0.225186882242707,420.125,2606.05839582596
Company_107,Company_107,Japan,Food Products,Consumer Staples,3.2,3.8,2.6,4.5,4.7,5,4.1,0.073112675,0.073112675,none,moderate,0,0,6716.22079062184,10743.4962889915,3547.67312856927,231.340260600345,4954.66967945802,0.311165565023341,0.0647260460722747,0.158697104771732,0.345182931072586,0.211369104297547,1.17253131921582,0.226465654115743,420.125,4092.81038751883
Company_108,Company_108,Hong Kong,Paper & Forest Products,Materials,2.3,4.2,4.6,3.9,3.2,8.1,7.2,329.9540257,329.9540257,none,no,1,0.125,12438.5353559002,6862.71555516331,5655.11976999797,429.289839149791,8521.6583443351,0.114474140875358,0.0757017593522129,0.164164915012562,0.578108447839403,0.177963485765356,0.818707210604651,0.4385107685213,420.125,4304.69275214719
Company_109,Company_109,Japan,Trading Companies & Distributors,Industrials,1,3.8,3.1,5.85,2.9,2.8,4.8,2.843671503,5.687343005,none,no,0,0,6741.95691687198,17278.4430277401,1745.85884714038,179.968938934682,3286.70793773622,0.168571772556641,0.106367043326564,0.164478123027889,0.595903694665489,0.0562493952805423,10.3551739807288,0.323452845688195,414.227272727273,1302.82938694489
Company_110,Company_110,Australia,Specialty Chemicals,Materials,4.85,4.25,4.05,0.8,7.65,7.18333333333333,4.6,2.931776383,5.863552766,none,moderate,0,0,3267.31895306965,2246.96011979893,1400.0191972287,8.28596495928491,2050.36535805378,0.217947079626589,0.00615464025033864,0.116975332032101,0.455936738887881,0.160273959210866,5.85555300232542,0.271468548119324,420.125,1437.49726018049
Company_111,Company_111,Finland,"Oil & Gas Refining, Marketing, Transportation & Storage",Energy,10,7.3,6.16666666666667,9.86666666666667,8.13333333333333,5.06666666666667,6.46666666666667,428.874868166667,1286.624605,none,no,19,2.375,11013.4444893492,17130.976625993,5866.79184474019,1098.10131238023,22484.840645617,0.252541920809103,0.17492666146033,0.298241765570508,0.333895219777564,0.184720433846642,1.0458287525282,0.2082386101194,420.125,21221.6131465111
Company_112,Company_112,Nigeria,Food Products,Consumer Staples,8.3,5.3,4.6,5.6,5.7,3.3,3.4,18.5049916,18.5049916,none,no,0,0,602.35952435785,800.017591688501,169.460672976716,98.3348058511017,2916.25855170503,0.602656331052782,0.70381289346884,1.18647308485813,1.2991201704445,0.221248574884514,1.95949320856483,0.272605684698133,420.125,2859.6151146616
Company_113,Company_113,Switzerland,Food Products,Consumer Staples,7.45,5.225,5.3,4.775,5.925,2.95833333333333,4.2,207.6039461,1038.01973,negative,high,421,52.625,135510.175696798,95724.3777044013,59447.6498764682,11604.9386,312243.550821486,0.36771760732384,0.202265684793711,0.317656776638337,0.434150028596866,0.0981150990602608,2.6339815766096,0.282054076327677,444.125,281153.219870021
Company_114,Company_114,China,Food Products,Consumer Staples,1.8,3.175,3.425,2.45,3.95,7.3,4.25,91.8790621037143,643.1534347,none,no,0,0,10520.0591037997,13669.7320288972,3429.02506088325,112.270309049533,10821.878064359,0.121588576608818,0.0534678571949278,0.101124397175775,0.506924645466556,0.231560566159335,1.56693670473461,0.330994048865714,420.041666666667,7533.94503719704
Company_115,Company_115,Luxembourg,Metals and Mining - Non-Precious Metals,Materials,7,4.8,4.8,5.1,4.4,10,5.3,1096.386395,1096.386395,none,no,0,0,5240.38127173913,2479.06600543478,2073.79507201087,-85.67519293,2091.14353294076,0.143426291943566,-0.059648422,0.162826572871454,0.560800071707811,0.276711943734663,1.49362695229989,0.31338544290577,84.4701086956522,1312.14965004059
Company_116,Company_116,Japan,Paper & Forest Products,Materials,5.9,5,4.9,7.1,3.9,9,8,172.3176235,172.3176235,negative,no,2,0.25,13364.9715376797,9523.52894656393,3819.19842253108,-22.00940696,7756.03724071777,0.177706306564035,-0.008461058,0.165813383439557,0.699485688124885,0.0832429828679287,1.45877246116734,0.514213318649919,420.125,1659.13485250046
Company_117,Company_117,Japan,Hotels & Travel,Consumer Discretionary,6.5,5.7,7,5.4,4.1,1.9,4.7,0.000162302,0.000162302,none,no,0,0,8082.34882133902,3844.97051748711,6021.6927577601,505.830542015416,38533.3247577154,0.213101557051871,0.0882380491331133,0.19625856261051,0.208509013758949,1.08989396066271,0.419726630023447,0.132896676902858,420.125,39554.0066306823
Company_118,Company_118,South Korea,Food Products,Consumer Staples,1.8,2.9,1.5,3.9,4.6,2.9,3.8,0.00087971,0.00087971,none,NA,0,0,3244.81832007872,1933.13294296786,1585.12184282583,89.2887179018129,2460.53262099895,0.321599092454217,0.0705605144136269,0.259311727417956,0.333273104733682,0.538729422301939,1.62004760326638,0.188786039753138,420.128787878788,2386.92988657638
Company_119,Company_119,Switzerland,"Textiles, Apparel & Luxury Goods",Materials,5.7,4.4,4.7,4.6,3.8,2.45,2.7,0.008388632,0.008388632,NA,NA,0,0,NA,NA,NA,NA,NA,NA,NA,NA,NA,NA,NA,NA,NA,NA
Company_120,Company_120,Japan,Consumer Finance,Financials,5.3,4.9,10,5.75,0.45,1.4,1.3,2.156144116,4.312288232,none,no,0,0,43276.3761869564,2012.05529688391,2189.21950146241,178.849921386687,12169.3109077574,NA,0.0805324045326086,0.160406134299293,0.89974248558515,0.0474096756165424,45.6898487996731,0.28090407214457,420.125,2099.65848044129
Company_121,Company_121,South Korea,Consumer Staples,Consumer Staples,2.1,4.4,4.25,4.95,4.25,2.86666666666667,4.2,4932.86786443471,34530.075051043,negative,high,47,5.875,8898.005582,20741.157631449,2722.03376021528,229.764956750208,6571.57942705402,0.139516161486171,0.0800834318822925,0.186333388855979,0.642614954145965,0.0855516205370322,6.72155554535511,0.443063069520064,420.125,3222.34840347522
Company_121,Company_121,South Korea,Consumer Staples,Consumer Staples,2.5,4.45,4.9,6.1,3.05,2.86666666666667,4.2,4932.86786443471,34530.075051043,negative,high,47,5.875,8898.005582,20741.157631449,2722.03376021528,229.764956750208,6571.57942705402,0.139516161486171,0.0800834318822925,0.186333388855979,0.642614954145965,0.0855516205370322,6.72155554535511,0.443063069520064,420.125,3222.34840347522
Company_122,Company_122,United Kingdom,Food Products,Consumer Staples,7.2,5.1,4.56,5.36,6.26,3.9,4.3,27.60910947,138.0455474,none,no,0,0,3078.29136291667,1295.9991465625,1285.21162270833,20.5137255208333,1499.48990388071,0.171543177423665,-0.167241134,0.376602463746166,0.440464287843197,0.0372981791602736,6.66930559850795,0.254136575030456,420.125,778.152553464042
Company_123,Company_123,United Kingdom,Oil & Gas Exploration & Production,Energy,7.9,5.5,4.7,6.1,6.4,NA,NA,21.19696458,21.19696458,none,no,0,0,5694.22222222222,1285.35138888889,1439.21666666667,-217.5277778,3385.41248306239,0.156277228330156,-0.137946827,0.356497834889052,0.763774056017365,0.0565626838320474,1.8218288073222,0.447571482368857,402,1096.17914972906
Company_124,Company_124,United States,Retail - Food & Staples,Consumer Staples,5.3,4.5,2.8,5.2,4.7,2.30833333333333,2.50833333333333,109.2849361,109.2849361,none,moderate,0,0,1344.37483333333,3208.10440277778,757.880020833333,89.924,2417.55937184903,0.439444818405965,0.125457026726321,0.25548336420891,0.219616531224882,0.321062071074848,0.934187723904651,0.119850044992149,276.125,2436.34494823792
Company_125,Company_125,United States,Energy Equipment & Services,Energy,2.2,3.65,2.9,4,4.65,NA,NA,0.027539696,0.055079392,NA,no,0,0,NA,NA,NA,NA,NA,NA,NA,NA,NA,NA,NA,NA,NA,NA
Company_126,Company_126,Indonesia,Food Products,Consumer Staples,7,5.1,7,4.4,2.5,10,3.2,34575.1122249413,345751.122249413,none,moderate,15,1.875,1766.7834868439,1282.02666407338,1202.70435680083,121.335270921943,2067.23928779153,0.213608781056943,0.11035546450727,0.231385900265136,0.228820671688494,0.151930968918667,0.451768259693182,0.188305752235408,420.125,1818.08541284813
Company_127,Company_127,Indonesia,Food Products,Consumer Staples,1.8,3.1,2.8,3.65,3,7.775,3.7,117.41640858375,469.6656343,negative,no,0,0,2001.96224612559,3173.56371955393,1310.94136102517,214.606365736751,5828.03836193316,0.288660593809663,0.174842161749721,0.284191628877173,0.27535386535145,0.232480274031443,0.804806277027021,0.216826848043869,420.125,5549.42696281302
Company_128,Company_128,Indonesia,Food Products,Consumer Staples,4.3,4.1,3.3,4.5,4.8,6.7,3.475,174.1498035,348.299607,none,no,0,0,1665.34511079103,2439.66292803532,640.376829994645,88.8559002749291,1672.31181025709,0.283719690534035,0.136670993685497,0.298291243963105,0.543641699654207,0.109901405090167,1.56825965349612,0.384961471172826,420.125,1142.16315672655
Company_129,Company_129,Indonesia,Food Products,Consumer Staples,4.95,4.15,3.6,5.55,2.4,NA,NA,2908.54118,8725.62354,NA,NA,15,1.875,2456.64389756779,1142.43724866721,1129.24485441409,40.3929526871592,1136.46200947421,0.144129248036473,0.0336393938662746,0.166895194644641,0.432711348756144,0.185207821972331,1.03119260782395,0.292822866843687,420.125,618.398384375563
Company_130,Company_130,Indonesia,Food Products,Consumer Staples,2.02,3.26,3.68,2.28,4.08,NA,NA,270655.0051,1353275.025,NA,NA,206,25.75,2083.20918554868,3058.41420309574,872.264042393887,130.888039504185,1815.18785431685,0.246610436392384,0.139172792226144,0.227376722741833,0.551413766135074,0.0886467676085028,1.39672910831657,0.436707286085766,420.125,1004.65032960865
Company_131,Company_131,South Africa,Food Products,Consumer Staples,7.1,4.9,4.8,4.5,7.4,NA,NA,0.811837235,1.623674469,NA,NA,0,0,1051.60875946483,1589.23855496434,656.789964052336,80.2140860342078,2284.24230999188,0.465397511185342,0.124797176217076,0.210024507180103,0.219678923929392,0.118916512908519,1.12137523624041,0.148388651209004,395.9375,2177.91967247485
Company_132,Company_132,Canada,Food Products,Consumer Staples,3.9,3.8,1.6,5.35,6.25,3.2,3.6,59.7347253,119.4694506,none,no,0,0,1910.7205897014,2423.16516444657,730.97095267705,56.2639882469831,3075.57217888146,0.272286188288197,0.0812155350241763,0.231702509319531,0.573481226756501,0.0172468999936335,2.51454620731684,0.45822061252383,288.125,2189.03283078356
Company_133,Company_133,Philippines,Retail - Food & Staples,Consumer Staples,3.2,3.6,1.5,4.4,3,2.5,2.3,1.255233268,1.255233268,none,no,0,0,1790.24328003446,2612.38055643521,1099.67462864634,127.461298422194,2370.12811885433,0.270013326137327,0.117084135170069,0.201931336268471,0.292717631871174,0.33292987858024,1.16295839119996,0.201132318717745,420.125,2219.45757095403
Company_134,Company_134,Malaysia,Food Products,Consumer Staples,2.9,3.6,2.1,3.66666666666667,6.06666666666667,9.175,4.1,8879.30353233333,26637.9106,none,no,0,0,902.071403698246,944.637324372738,484.882759896244,57.2394186047626,2451.54576704767,0.217347898781454,0.119671999859494,0.22180884052096,0.422913464883174,0.187916391031165,0.865914213018464,0.318413968045933,420.125,2244.5347246793
Company_135,Company_135,Argentina,Food Products,Consumer Staples,7.6,5.3,6,5.2,4.2,NA,NA,0.614987855,2.45995142,NA,NA,0,0,160.143245750805,309.278689932688,34.7926336207351,-17.96077505,119.670037290349,0.307293961614398,-1.034641398,-1.675105008,0.69583594643701,0.099277526808956,4.05258265381971,0.313399761577466,400,77.7289966307905
Company_136,Company_136,Qatar,Banks,Financials,3.1,4.3,1.3,4.8,4,0.9,0.5,0.065859586,0.197578758,none,no,0,0,39533.6431105518,1691.31471232765,5253.173196,703.48318569685,12839.3798418115,NA,0.130026226636026,0.108225076532558,0.700921577759727,0.102797297090916,253.987273306795,0.148072082340675,420.125,9198.38245162059
Company_136,Company_136,Qatar,Banks,Financials,3,3.9,1.3,4.2,4,0.9,0.5,0.065859586,0.197578758,none,no,0,0,39533.6431105518,1691.31471232765,5253.173196,703.48318569685,12839.3798418115,NA,0.130026226636026,0.108225076532558,0.700921577759727,0.102797297090916,253.987273306795,0.148072082340675,420.125,9198.38245162059
Company_135,Company_135,Argentina,Food Products,Consumer Staples,6.23333333333333,4.66666666666667,3.96666666666667,5.26666666666667,4.9,NA,NA,0.614987855,2.45995142,NA,NA,0,0,160.143245750805,309.278689932688,34.7926336207351,-17.96077505,119.670037290349,0.307293961614398,-1.034641398,-1.675105008,0.69583594643701,0.099277526808956,4.05258265381971,0.313399761577466,400,77.7289966307905
Company_137,Company_137,New Zealand,Containers & Packaging,Information Technology,1.7,4.5,5.2,3.8,2.7,3.2,6.2,0.028856148,0.057712296,none,no,0,0,4726.45,3520.5,2042.95,291.45,8340.30798257796,0.204297819770942,0.144101415004979,0.256991077821071,0.64814537555501,0.0430121501777759,4.70676051394709,0.514339984809671,101.6,NA
Company_137,Company_137,New Zealand,Containers & Packaging,Information Technology,1.6,4.4,4.7,3.6,NA,3.2,6.2,0.028856148,0.057712296,none,no,0,0,4726.45,3520.5,2042.95,291.45,8340.30798257796,0.204297819770942,0.144101415004979,0.256991077821071,0.64814537555501,0.0430121501777759,4.70676051394709,0.514339984809671,101.6,NA
Company_138,Company_138,Cyprus,Food Products,Consumer Staples,3.2,3.7,3.5,3,4.4,3.8,4.2,336.0958228,336.0958228,none,no,0,0,NA,NA,NA,NA,NA,NA,NA,NA,NA,NA,NA,NA,NA,NA
Company_139,Company_139,United States,Diversified Consumer Services,Consumer Discretionary,3.8,4.5,6.7,2.7,7.4,NA,NA,5.770654504,5.770654504,none,moderate,1,0.125,1048.05383333333,1145.09522916667,467.5439,-44.70070833,775.728613585227,0.191160166683485,-0.737732486,-0.299259401,0.588139965516179,0.232250307342164,2.34684395696867,0.426703753187185,444.125,500.326696918561
Company_140,Company_140,Spain,Integrated Oil & Gas,Energy,8.4,5.8,5.5,7.4,4.7,6.85833333333333,7.15833333333333,337.4307257,337.4307257,none,moderate,18,2.25,69866.0325543722,51073.9152846549,33898.1206241895,1041.16252485448,34619.6717849803,0.176559329589188,0.0279687355742308,0.140531980108281,0.443551031390341,0.206531880746154,1.32908334486035,0.272902802113412,420.125,23029.2690944284
Company_141,Company_141,United States,Food Products,Consumer Staples,0.2,2.8,0,2.5,10,5.1,4.2,0.594290626,1.188581252,none,no,0,0,410.68559802657,720.930926563067,200.667004465079,14.1715406914608,386.756732825342,0.183277041835243,0.0703765560834825,0.187110906432155,0.31455675292213,0.103448395696384,1.41081075926428,0.207292474428143,420.125,321.017656543016
Company_142,Company_142,Cayman Islands,Food Products,Consumer Staples,6.9,5,3.8,6,5.6,NA,NA,1.83e-05,1.83e-05,NA,NA,0,0,NA,NA,NA,NA,NA,NA,NA,NA,NA,NA,NA,NA,NA,NA
Company_143,Company_143,South Korea,Trading Companies & Distributors,Industrials,2.6,3.2,3.5,4.35,1.85,3.76666666666667,2.8,155.6670841,622.6683366,none,high,9,1.125,35824.5965821921,22690.3135188895,21569.5216878726,1044.98015921912,20744.5298280912,0.0951909726129606,0.0435950119664002,0.0473902436905814,0.236834921679216,0.159756689740813,3.83164494648713,0.134444214864768,426.590909090909,19592.1726887661
Company_144,Company_144,Singapore,Transportation Infrastructure,Industrials,7.5,5.1,4.2,5.8,6.1,2.5,4.2,771.4351032,1542.870206,none,no,0,0,2312.22149394399,1355.49096449265,1274.64897093897,103.532540369471,3472.398634,0.213242125485779,0.0874012717348474,0.150775878006912,0.258541040483734,0.592996276864417,1.36977484796045,0.15718835952894,420.125,3285.63492172913
Company_144,Company_144,Singapore,Transportation Infrastructure,Industrials,5.1,5.5,2.9,6.4,5.5,2.5,4.2,771.4351032,1542.870206,none,no,0,0,2312.22149394399,1355.49096449265,1274.64897093897,103.532540369471,3472.398634,0.213242125485779,0.0874012717348474,0.150775878006912,0.258541040483734,0.592996276864417,1.36977484796045,0.15718835952894,420.125,3285.63492172913
Company_145,Company_145,China,Utilities,Utilities,2.6,4.2,4.1,2.1,5.5,6.1,3.85,291.2602473,291.2602473,none,no,0,0,31541.4159972782,5656.93089899977,5385.24690512455,638.393925267179,27488.808503624,0.0872437136561008,0.130073235052211,0.359023950823877,0.802205257431691,0.0563131968495914,0.831573723470684,0.627461611586762,420.108333333333,9187.45382415894
Company_146,Company_146,China,Paper & Forest Products,Materials,0,3.6,3,4.5,4.8,10,7.2,483.2091117,483.2091117,none,no,0,0,4473.31874793433,3164.19652320548,1890.43309687353,245.166607885075,4842.88998262654,0.1636641194951,0.121112066771147,0.258751639516035,0.562316651797756,0.132772732524531,0.992368533889738,0.415687438906756,420.125,3394.08720533832
Company_147,Company_147,South Africa,Retail - Food & Staples,Consumer Staples,4.6,4.1,2.8,4.4,5.5,2.1,2.48333333333333,0.032608833,0.032608833,none,moderate,0,0,4686.96291250342,10529.4430692359,1602.74806182803,323.680646264398,8405.18100739871,0.52398175700734,0.202865007415944,0.452155096131223,0.537908291443382,0.23831180341378,1.74692522185758,0.268901291309157,420.125,7721.5394697745
Company_148,Company_148,Mexico,Food Products,Consumer Staples,3.3,3.4,2.5,1.5,5.4,NA,NA,0.965000102,1.930000204,none,no,0,0,NA,NA,NA,NA,NA,NA,NA,NA,NA,NA,NA,NA,NA,NA
Company_149,Company_149,Malaysia,Food Products,Consumer Staples,7.13333333333333,5.23333333333333,4.7,5.8,5.76666666666667,9.6,5.44166666666667,29869.9806666667,89609.942,negative,high,66,8.25,10683.68904,10889.9869424421,5911.57980117654,481.411206454062,9678.84995823598,0.157023277486286,0.0777001551357404,0.143987668247998,0.288953132924143,0.162527992980984,1.73369576309301,0.191546420683243,420.125,8280.37529066091
Company_150,Company_150,China,Software & Services,Information Technology,1.93333333333333,2.83333333333333,5.73333333333333,3.33333333333333,1.73333333333333,NA,NA,1.641982353,4.925947059,none,no,0,0,4809.90875,1330.052,2256.14277777778,77.5188333333333,2556.16381931471,0.188275673743781,0.032451473989028,0.0799138320837145,0.553140926144036,1.47476462505631,13.2381552223646,0.170377866617482,401.944444444444,3906.17881931471
Company_151,Company_151,China,Health Care Providers & Services,Healthcare,3.9,4.4,9.3,5.9,3.4,2.1,1.4,324.1394767,324.1394767,none,moderate,0,0,35049.0608788753,52581.8201169598,6666.93183609871,827.264102278656,6630.23561114905,0.13457408707404,0.122662559343551,0.288390727287786,0.77900973993369,0.213058535604867,14.3305937941893,0.218827224830911,420.125,4056.75392455176
Company_152,Company_152,France,Restaurants,Consumer Discretionary,5.3,4.78571428571429,6.41428571428571,4.08571428571429,5.45714285714286,1.3,4,42.2852095448571,295.9964668,none,high,19,2.375,19106.8328131117,23211.3537376795,4367.88411465748,571.33818213124,17201.0843973114,0.203256787344519,0.127123594232277,0.319512504575854,0.830526441643325,0.207243779104394,15.4827692411004,0.272051854200856,420.125,14998.5916351328
Company_153,Company_153,Hong Kong,"Textiles, Apparel & Luxury Goods",Materials,3.36666666666667,4.13333333333333,6.56666666666667,4.03333333333333,3.63333333333333,NA,NA,0.130524744166667,0.783148465,NA,NA,0,0,141.010861895221,126.993390300332,110.600540106053,2.56084946411348,33.2356104302704,0.21817684543301,0.0168269854793021,0.0435378080054491,0.0618041434311944,1.50896136553751,0.874411584982859,0.0301524805444221,420.125,69.7114266345679
Company_154,Company_154,United States,Retail - Food & Staples,Consumer Staples,3.73333333333333,3.86666666666667,2.6,4.23333333333333,4.83333333333333,1.9,1.9,27.3139614233333,81.94188427,none,moderate,0,0,18441.2325416667,56447.7750416667,3143.08372916667,1092.3555,38926.9897737353,0.606480965917017,0.413583678730821,0.987043423045868,0.825573261935464,0.0963434887178362,3.26825547363447,0.441871652069238,588.125,31872.5713362353
Company_155,Company_155,Netherlands,Multi-Line Insurance & Brokerage,Financials,7.675,6.1,5.85,6.85,4.425,1.5,2.3,372.4509576,1862.254788,none,no,0,0,NA,NA,NA,NA,NA,NA,NA,NA,NA,NA,NA,NA,NA,NA
Company_156,Company_156,South Korea,Hotels & Travel,Consumer Discretionary,2.7,3.8,3.8,4.2,3.3,1.74166666666667,5.1,56.91152511,56.91152511,none,no,0,0,1199.31100961051,71.3218426390575,567.208261532357,1.62374558215869,877.215568229529,0.0350268098222877,0.00230973083022207,-0.003204747,0.50516001800736,0.120601333828751,8.03263746855401,0.350126268369304,419.9375,478.039007547048
Company_148,Company_148,Mexico,Food Products,Consumer Staples,3.3,3.5,3.4,3.8,3.4,3.475,4.95,0.965000102,1.930000204,none,no,0,0,NA,NA,NA,NA,NA,NA,NA,NA,NA,NA,NA,NA,NA,NA
Company_157,Company_157,Australia,Commercial Services & Supplies,Industrials,8,6.7,6.2,3.3,8.5,0.7,2.2,125.9308664,251.8617329,none,no,1,0.125,252.361619431915,132.111736390026,141.351012368796,28.5808612017532,638.877089027082,0.325568362794814,0.17538018299065,0.419840789646953,0.395964845362481,0.427926098491319,26.7094777252957,0.2277283063357,426.363636363636,636.120212637479
Company_158,Company_158,Japan,Trading Companies & Distributors,Industrials,3.8,4.625,5.3,4.45,5.125,2.46666666666667,2.06666666666667,65.58605207,262.3442083,none,no,2,0.25,20645.930593513,28695.0384853213,5374.68836841487,438.763681828474,9501.04030729194,0.106673401141937,0.0776221141510908,0.113749766405388,0.795909405596996,0.194616052567263,7.59307997050359,0.430931160967838,420.125,3559.35614297731
Company_159,Company_159,United States,Utilities,Utilities,4.3,4.9,3.5,6.5,6.1,3.9,4.9,0.000519535,0.000519535,none,no,6,0.75,6862.01335416667,1886.66954166667,2506.85752083333,163.059770833333,5782.46039430316,0.0692942135084648,0.0636663812275148,0.146925180395854,0.555778906005702,0.0210854118118134,1.24141632608727,0.382905810295207,1116.125,3074.6738526365
Company_160,Company_160,United States,Banks,Financials,10,7.4,9,8,5.7,0.9,0.7,612.6976383,612.6976383,none,high,2,0.25,726909.708333333,23519.2916666667,48816.0083333333,1847.5,93485.1782078785,NA,0.0378974109341546,0.0995618225998828,1.62020607365982,0.190583218888362,130.951715961898,0.146760130837896,420.125,29983.9054457574
Company_161,Company_161,United States,Hotels & Travel,Consumer Discretionary,3.54,4.52,5.12,6.04,1.32,2.1,3.1,1.279361947,6.396809733,none,no,0,0,1009.23233333333,555.891548611111,471.887333333333,9.98144444444444,800.840809803562,0.174359595756412,0.0236383890712471,0.150096485295102,0.475115731185458,0.0422580786498206,0.67285251525635,0.371453572310512,564.125,444.034358414673
Company_162,Company_162,Portugal,Paper & Forest Products,Materials,4.5,4.9,4.6,3.6,7.4,8.075,6.56666666666667,123.0551949,123.0551949,negative,no,0,0,3048.4839956471,1965.24575109974,1541.05200474103,250.891000427757,3525.90165564748,0.230276112816027,0.166262860744026,0.304970459298352,0.454027976153197,0.166268804532736,1.01249183289454,0.314037536497156,420.125,2851.09079852016
Company_163,Company_163,United States,Household & Personal Products,Consumer Staples,6.1,4.9,6.6,4.2,4.1,4.7,3.3,26.60842579,26.60842579,positive,high,119,14.875,125285.833333333,74574.625,62155.4375,11217.2083333333,298921.906465221,0.319778644333058,0.187238816680344,0.306221996214172,0.434837215734416,0.156552992524204,3.35827493176058,0.265034652048342,1073.125,276777.531465221
Company_164,Company_164,India,Commodity Chemicals,Materials,4.9,4.1,3.9,3.7,5.6,2.2,3.1,0.328465151,0.328465151,none,no,0,0,474.552384694678,792.511049075239,316.13376470625,76.5767602439296,2695.09694544394,0.497320934009455,0.247680817184652,0.40486984676633,0.162985300852641,0.194423469278453,0.816046742270427,0.111426381143705,420.125,2682.0873206062
Company_165,Company_165,Thailand,Banks,Financials,6.3,5.1,5.6,4.2,6.6,NA,NA,1.474751344,1.474751344,none,no,0,0,8685.49319124293,695.806101793931,1003.32716819485,176.699857980282,3039.03497274653,NA,0.177055110884234,0.229814863286887,0.645606263060383,0.0638073805318079,97.0570375606414,0.166672902024883,420.125,1797.58464462274
Company_166,Company_166,China,Food Products,Consumer Staples,1.9,3,3.8,2.4,2.6,3.43333333333333,3.9,0.310628857,0.310628857,none,no,0,0,7831.21111489635,7130.83210449606,3282.79900351936,866.031711846366,12088.9945866628,0.235104782594951,0.176269609593165,0.310480066373149,0.530128684474048,0.268455227652769,1.23116849256221,0.283338872102973,420.272222222222,11404.5140855696
Company_167,Company_167,Russia,Automobiles,Consumer Discretionary,5.1,4.4,6.5,3.4,3.5,1.8,2.3,550.2350751,1100.47015,none,no,24,3,47342.9490684569,19797.1182647203,29347.3186362396,1232.86385729683,26378.4002444718,0.121017479504108,0.043657266547111,0.0899438032559555,0.357277962904815,0.164162438021393,3.00015447399521,0.227736256801584,420.125,19619.2650548119
Company_168,Company_168,Japan,Trading Companies & Distributors,Industrials,5.5,5.35,6.3,7.9,4.2,2.6,3.7,440.3754844,1761.501937,none,moderate,0,0,41619.338691854,66141.7742636357,11630.0834991322,1075.51638306123,22497.2856244603,0.146062996882126,0.0867349812332684,0.206680895855797,0.674355786759642,0.155685234986485,4.89040313174071,0.350354566694564,420.125,12539.6209040098
Company_169,Company_169,United States,Construction & Farm Machinery & Heavy Trucks,Industrials,4.15,4.5,2.8,4.85,5.5,3.4,3.8,181.4627113,362.9254225,none,moderate,0,0,8560.10833333333,3555.54583333333,3313.82083333333,285.577083333333,6985.35870949049,0.128600133038038,0.0751812370125151,0.174915432177634,0.660959998085754,0.119305124340401,0.949274704699101,0.490313233293693,672.125,3406.92120949048
Company_170,Company_170,United States,Food Products,Consumer Staples,2.425,3.375,2.475,3.65,4.525,4.925,4.5,16.83198245,67.32792981,none,high,38,4.75,27708.3541666667,42379.3958333333,14800.1458333333,1638.0625,24985.5222916125,0.200558254813438,0.114512743817389,0.23020065656089,0.396902400108255,0.0607833332487112,2.24478089206184,0.287473022349368,672.125,17512.1681249458
Company_171,Company_171,Thailand,Food Products,Consumer Staples,5.16666666666667,4.3,2.56666666666667,6.16666666666667,3.4,4.8,4,0.136456922333333,0.409370767,none,high,0,0,4175.1751319832,3963.10297808181,1655.47727466672,161.599606783384,4024.09463358316,0.173362718113397,0.0987608216639121,0.150785847610949,0.541002716551671,0.0527069399392172,3.26148020878566,0.400956135517811,420.125,2474.26442041451
Company_172,Company_172,United Kingdom,Food Products,Consumer Staples,6.9,5.7,7.45,4.8,5.05,3.48333333333333,3.44166666666667,235.7069817,1178.534909,none,high,423,52.875,71689.7943840233,61672.4503901263,20754.5311398653,6985.95437748883,119148.669229977,0.402353215093514,0.346120448316308,0.527030671916778,0.654537083035682,0.0977139356724613,4.27934010523493,0.355056048132142,828.087121212121,97979.5178624332
Company_172,Company_172,United Kingdom,Food Products,Consumer Staples,8.2,5.3,6.9,3.5,10,3.48333333333333,3.44166666666667,235.7069817,1178.534909,none,high,423,52.875,71689.7943840233,61672.4503901263,20754.5311398653,6985.95437748883,119148.669229977,0.402353215093514,0.346120448316308,0.527030671916778,0.654537083035682,0.0977139356724613,4.27934010523493,0.355056048132142,828.087121212121,97979.5178624332
Company_173,Company_173,Finland,Paper & Forest Products,Materials,10,6,5.6,5.5,8,7.16666666666667,6.06666666666667,192.4989778,192.4989778,none,no,19,2.375,17813.8296483006,11873.5560631524,11093.6118404992,826.019535553955,16749.6961118457,0.144397788498757,0.0720358834921807,0.151411633501932,0.246657340466993,0.151249132053096,0.871370032851962,0.176502179375939,420.125,14573.8870417072
Company_174,Company_174,United States,Tobacco,Consumer Staples,2.9,2.3,2.3,2.3,2.3,2.9,2,0.327283139,0.327283139,none,no,0,0,1300.794875,1104.14791666667,55.8590625,89.3889791666667,2782.39363816442,0.38715401416307,4.78489002072794,7.305948341,6.51347069853627,0.30402653666202,21.3874499593997,0.966051679950713,384.125,2073.24647149775
Company_175,Company_175,Hong Kong,Household & Personal Products,Consumer Staples,10,7.2,8.6,6.2,7,7.9,4.4,1020.648591,2041.297181,none,no,0,0,2258.7691124206,1746.00827061072,1118.424388,101.248016840736,2993.72585780633,0.276436386990522,0.0926138896670948,0.207687181715937,0.379903659524831,0.0946874784628597,1.04269724013892,0.268615091575319,420.125,2520.82175430233
Company_176,Company_176,United Kingdom,Retail - Consumer Discretionary,Consumer Discretionary,7.4,5.1,3.8,5.4,6,NA,NA,156.6059176,313.2118352,none,no,7,0.875,3207.27230714286,7634.54605714286,747.876546428571,121.783607142857,2242.14335993483,0.237235356707219,0.171180022662897,0.439879000901024,0.775486319022434,0.183554943615188,2.62101263080553,0.246100543232082,438.4,1917.53664207768
Company_177,Company_177,United Kingdom,Trading Companies & Distributors,Industrials,4,4.9,3.1,6.5,5.5,0.6,2.1,0.002662648,0.002662648,NA,NA,0,0,504.588475570833,387.257346339583,209.493375097917,26.27106001,591.501434362632,0.315036621096419,0.127784045434727,0.484639246916333,0.513845661880869,0.0549503335704708,3.67978945592814,0.394211115551889,420.125,401.314677420965
Company_178,Company_178,United Kingdom,Retail - Food & Staples,Consumer Staples,2.7,4,7,4.1,2.4,NA,NA,130.2409284,130.2409284,none,moderate,14,1.75,NA,NA,NA,NA,NA,NA,NA,NA,NA,NA,NA,NA,NA,NA
Company_179,Company_179,Sweden,Asset Management & Custody Banks,Financials,8.5,6,5.9,6.9,5.2,1.9,2.5,3.566971483,3.566971483,none,high,5,0.625,NA,NA,NA,NA,NA,NA,NA,NA,NA,NA,NA,NA,NA,NA
Company_180,Company_180,United States,Retail - Food & Staples,Consumer Staples,3,3.6,7.4,3.3,2.6,2.2,3,788.639913543667,2365.919741,none,high,98,12.25,222990.229166667,526336.930555556,77445.8888888889,13590.1041666667,364472.146377702,0.629441005674357,0.175780275521772,0.414960056249044,0.451275138583824,0.0724363803596902,1.20277040416353,0.26409885817988,588.125,315857.778322146
Company_181,Company_181,Singapore,Food Products,Consumer Staples,4.74,4.32,4.46,2.96,6.16,9.54166666666667,4.15833333333333,53707.569739228,268537.84869614,none,high,153,19.125,47973.5472083333,50364.0811666667,17212.4659583333,1408.568938,33649.8585903183,0.115200362278901,0.0808274502019383,0.121227935549255,0.724158258594998,0.262588288712328,2.46125416705114,0.50561415913593,420.125,17188.7712361516
Company_182,Company_182,Chile,Retail - Food & Staples,Consumer Staples,3,3.7,7.1,1.7,3.9,NA,NA,1178.6794749835,2357.35895,none,high,0,0,4571.56398559415,5954.56644771091,1995.1457721864,323.24675548988,6589.06571915801,0.390837244929186,0.161454294679823,0.262037144475768,0.47642267454017,0.0540836875511494,1.23840096372427,0.342702904439329,372.275,5192.0140489879
Company_183,Company_183,Finland,Industrial Machinery,Industrials,9.7,6.6,6.9,3.7,7.6,1.8,2.025,0.007223192,0.007223192,none,no,0,0,6759.08774950441,5893.4661600674,2482.71559935552,330.48086045901,9060.71619089651,0.367297321436798,0.132320174433471,0.229989125286069,0.360263296876026,0.118910681068581,8.27358089,0.155415691629044,420.125,8526.90249192561
Company_184,Company_184,Hong Kong,Banks,Financials,3,4.3,2.9,4.3,4.7,0.9,0.8,225.0559273,225.0559273,none,moderate,0,0,NA,NA,NA,NA,NA,NA,NA,NA,NA,NA,NA,NA,NA,NA
Company_185,Company_185,China,Trading Companies & Distributors,Industrials,0,3.4,4,1.8,3.8,1.325,2.4,88.03395,88.03395,none,no,0,0,49952.1107066781,53386.4455799516,5021.83050471448,711.244809994823,9818.87839057656,0.0732363981079789,0.149807927868847,0.236345343038546,0.977641907694622,0.143653183292125,89.7056505384712,0.275519632935459,420.083333333333,4249.46474404981
Company_186,Company_186,Argentina,Integrated Oil & Gas,Energy,2.45,3.325,3.35,3,3.4,6.7,6.3,205.6722476,822.6889903,none,moderate,1,0.125,24641.3240840855,14395.3331111331,10550.4723782292,370.760672380634,14980.4127383652,0.222938235950329,0.032501309092906,0.258816718909126,0.512575956429168,0.0815218513153959,0.900978983545538,0.317531529915671,420.125,8351.83661941462
Company_187,Company_187,China,Food Products,Consumer Staples,2.3,3.2,1.9,5.1,3.2,4.575,3.925,1651.12078276667,4953.362348,none,no,0,0,491.416797428166,568.446998364882,393.570345653295,84.0044092483967,3770.65924295139,0.45639724964142,0.273895337986544,0.349171785372696,0.171499821810038,3.06074969279793,0.976677387488915,0.0691615533963701,438.333333333333,3968.55158046877
Company_188,Company_188,China,Restaurants,Consumer Discretionary,1.7,4.2,4.3,3.5,6.5,2.1,3,2.52e-06,2.52e-06,none,moderate,0,0,7915.52777777778,8590.72222222222,4563.22222222222,642.944444444444,16806.9645883071,0.267411264327812,0.159029421748829,NA,0.292537538046142,0.719883822677237,0.990500109523311,0.148649721578646,114.5,17661.1868105294
